,ID,Lat,Lon,End_Node,Country,PMNode,ait1,ait2,ait3,ait4,ait5,ait6,ait7,ait8,Type1,Type2,Type3,Type4,Type5,Type6,Type7,Type8,SHAPE,Timestep
0,1,7.20725634292708,-77.2005125227273,1,Colombia,0.0,0.0,0.0,0.0,0.0,0.0,0.0,0.0,0.0,0.0,0.0,0.0,0.0,0.0,0.0,0.0,0.0,"{'x': 1587057.9938000003, 'y': 808409.8682000004, 'spatialReference': {'wkid': 32616, 'latestWkid': 32616}}",1
1,2,8.32211702474527,-77.7636895681818,2,Panama,37.76553854,0.0,0.0,37.76553854,0.0,0.0,0.0,0.0,0.0,0.0,0.0,1.0,0.0,0.0,0.0,0.0,0.0,"{'x': 1521293.6789999995, 'y': 931901.4642999992, 'spatialReference': {'wkid': 32616, 'latestWkid': 32616}}",1
2,3,8.26464997929072,-77.5728989772727,3,Panama,45.59219945,0.0,0.0,45.59219945,0.0,0.0,0.0,0.0,0.0,0.0,0.0,1.0,0.0,0.0,0.0,0.0,0.0,"{'x': 1542727.5733000003, 'y': 925970.6531000007, 'spatialReference': {'wkid': 32616, 'latestWkid': 32616}}",1
3,4,7.94973057019981,-78.3337626590909,4,Panama,45.36423845,22.682119225,0.0,22.682119225,0.0,0.0,0.0,0.0,0.0,1.0,0.0,1.0,0.0,0.0,0.0,0.0,0.0,"{'x': 1458674.2002999997, 'y': 888825.7511, 'spatialReference': {'wkid': 32616, 'latestWkid': 32616}}",1
4,5,7.77962811565436,-77.9659735681818,5,Panama,41.0329795,0.0,0.0,41.0329795,0.0,0.0,0.0,0.0,0.0,0.0,0.0,1.0,0.0,0.0,0.0,0.0,0.0,"{'x': 1500096.057, 'y': 870675.2612999994, 'spatialReference': {'wkid': 32616, 'latestWkid': 32616}}",1
5,6,7.79112152474527,-78.14527075,6,Panama,40.50107051,20.250535255,0.0,20.250535255,0.0,0.0,0.0,0.0,0.0,1.0,0.0,1.0,0.0,0.0,0.0,0.0,0.0,"{'x': 1480064.1689999998, 'y': 871534.4511999991, 'spatialReference': {'wkid': 32616, 'latestWkid': 32616}}",1
6,7,8.05317125201799,-78.1889457045454,7,Panama,45.59219945,0.0,0.0,45.59219945,0.0,0.0,0.0,0.0,0.0,0.0,0.0,1.0,0.0,0.0,0.0,0.0,0.0,"{'x': 1474566.6281000003, 'y': 900736.5741000008, 'spatialReference': {'wkid': 32616, 'latestWkid': 32616}}",1
7,8,7.88077011565436,-78.1015957954545,8,Panama,37.76553854,0.0,0.0,37.76553854,0.0,0.0,0.0,0.0,0.0,0.0,0.0,1.0,0.0,0.0,0.0,0.0,0.0,"{'x': 1484722.0209999997, 'y': 881665.2912000008, 'spatialReference': {'wkid': 32616, 'latestWkid': 32616}}",1
8,9,8.52669970656345,-77.8280526590909,9,Panama,45.06029045,0.0,0.0,45.06029045,0.0,0.0,0.0,0.0,0.0,0.0,0.0,1.0,0.0,0.0,0.0,0.0,0.0,"{'x': 1513575.7232999997, 'y': 954632.5691, 'spatialReference': {'wkid': 32616, 'latestWkid': 32616}}",1
9,10,8.60025752474527,-77.7774816590909,10,Panama,45.59219945,0.0,0.0,45.59219945,0.0,0.0,0.0,0.0,0.0,0.0,0.0,1.0,0.0,0.0,0.0,0.0,0.0,"{'x': 1519011.8052000003, 'y': 963002.4198000003, 'spatialReference': {'wkid': 32616, 'latestWkid': 32616}}",1
10,11,8.50831025201799,-77.6832357045454,11,Panama,45.59219945,0.0,0.0,45.59219945,0.0,0.0,0.0,0.0,0.0,0.0,0.0,1.0,0.0,0.0,0.0,0.0,0.0,"{'x': 1529765.0229000002, 'y': 952962.9394000005, 'spatialReference': {'wkid': 32616, 'latestWkid': 32616}}",1
11,12,8.48762211565436,-77.7613908863636,12,Panama,45.59219945,0.0,0.0,45.59219945,0.0,0.0,0.0,0.0,0.0,0.0,0.0,1.0,0.0,0.0,0.0,0.0,0.0,"{'x': 1521109.3975, 'y': 950436.2796, 'spatialReference': {'wkid': 32616, 'latestWkid': 32616}}",1
12,13,7.75893997929072,-77.81655925,13,Panama,37.30961655,0.0,0.0,37.30961655,0.0,0.0,0.0,0.0,0.0,0.0,0.0,1.0,0.0,0.0,0.0,0.0,0.0,"{'x': 1516824.6705999998, 'y': 868721.4165000003, 'spatialReference': {'wkid': 32616, 'latestWkid': 32616}}",1
13,14,8.99792947929072,-78.0901023863636,14,Panama,37.84152554,0.0,0.0,37.84152554,0.0,0.0,0.0,0.0,0.0,0.0,0.0,1.0,0.0,0.0,0.0,0.0,0.0,"{'x': 1483128.4144000001, 'y': 1006651.4409999996, 'spatialReference': {'wkid': 32616, 'latestWkid': 32616}}",1
14,15,8.09224884292708,-77.4947437954545,15,Panama,37.68955154,0.0,0.0,37.68955154,0.0,0.0,0.0,0.0,0.0,0.0,0.0,1.0,0.0,0.0,0.0,0.0,0.0,"{'x': 1551909.3173000002, 'y': 906864.2390999999, 'spatialReference': {'wkid': 32616, 'latestWkid': 32616}}",1
15,16,8.55198520656345,-78.3935283863636,16,Panama,37.61356454,18.80678227,0.0,18.80678227,0.0,0.0,0.0,0.0,0.0,1.0,0.0,1.0,0.0,0.0,0.0,0.0,0.0,"{'x': 1450551.9189999998, 'y': 955998.3153000008, 'spatialReference': {'wkid': 32616, 'latestWkid': 32616}}",1
16,17,9.27147261565436,-78.2808929772727,17,Panama,36.70172055,0.0,18.350860275,18.350860275,0.0,0.0,0.0,0.0,0.0,0.0,1.0,1.0,0.0,0.0,0.0,0.0,0.0,"{'x': 1461173.2887000004, 'y': 1036717.1009, 'spatialReference': {'wkid': 32616, 'latestWkid': 32616}}",1
17,18,9.38410802474527,-78.9727962045454,18,Panama,36.51555243,0.0,18.257776215,18.257776215,0.0,0.0,0.0,0.0,0.0,0.0,1.0,1.0,0.0,0.0,0.0,0.0,0.0,"{'x': 1384112.2794000003, 'y': 1047466.5350000001, 'spatialReference': {'wkid': 32616, 'latestWkid': 32616}}",1
18,19,9.2783686611089,-78.7061491136363,19,Panama,45.21226445,0.0,22.606132225,22.606132225,0.0,0.0,0.0,0.0,0.0,0.0,1.0,1.0,0.0,0.0,0.0,0.0,0.0,"{'x': 1413953.3745, 'y': 1036349.6074000001, 'spatialReference': {'wkid': 32616, 'latestWkid': 32616}}",1
19,20,9.02321497929072,-79.6486086590909,20,Panama,41.83996144,20.91998072,0.0,20.91998072,0.0,0.0,0.0,0.0,0.0,1.0,0.0,1.0,0.0,0.0,0.0,0.0,0.0,"{'x': 1310099.2357, 'y': 1005603.1927000005, 'spatialReference': {'wkid': 32616, 'latestWkid': 32616}}",1
20,21,9.4553671611089,-79.4739088409091,21,Panama,45.21226445,0.0,22.606132225,22.606132225,0.0,0.0,0.0,0.0,0.0,0.0,1.0,1.0,0.0,0.0,0.0,0.0,0.0,"{'x': 1328433.8794999998, 'y': 1054173.9494000003, 'spatialReference': {'wkid': 32616, 'latestWkid': 32616}}",1
21,22,9.14504511565436,-78.4349046590909,22,Panama,44.98430345,0.0,0.0,44.98430345,0.0,0.0,0.0,0.0,0.0,0.0,0.0,1.0,0.0,0.0,0.0,0.0,0.0,"{'x': 1444413.3508000001, 'y': 1022170.2030999996, 'spatialReference': {'wkid': 32616, 'latestWkid': 32616}}",1
22,23,8.98413738838163,-78.1521667954545,23,Panama,40.9569925,0.0,0.0,40.9569925,0.0,0.0,0.0,0.0,0.0,0.0,0.0,1.0,0.0,0.0,0.0,0.0,0.0,"{'x': 1476264.9990999997, 'y': 1004940.4241000004, 'spatialReference': {'wkid': 32616, 'latestWkid': 32616}}",1
23,24,9.30135547929072,-79.2302485681818,24,Panama,42.32475849,0.0,0.0,42.32475849,0.0,0.0,0.0,0.0,0.0,0.0,0.0,1.0,0.0,0.0,0.0,0.0,0.0,"{'x': 1355791.704, 'y': 1037591.3336999994, 'spatialReference': {'wkid': 32616, 'latestWkid': 32616}}",1
24,25,9.21400557019981,-79.7152704318182,25,Panama,36.86813208,0.0,0.0,36.86813208,0.0,0.0,0.0,0.0,0.0,0.0,0.0,1.0,0.0,0.0,0.0,0.0,0.0,"{'x': 1302284.3849, 'y': 1026711.8950999994, 'spatialReference': {'wkid': 32616, 'latestWkid': 32616}}",1
25,26,9.53582102474527,-79.3474813409091,26,Panama,41.71686249,0.0,20.858431245,20.858431245,0.0,0.0,0.0,0.0,0.0,0.0,1.0,1.0,0.0,0.0,0.0,0.0,0.0,"{'x': 1342230.0766000003, 'y': 1063451.352499999, 'spatialReference': {'wkid': 32616, 'latestWkid': 32616}}",1
26,27,9.47835397929072,-79.3061050681818,27,Panama,41.1849535,0.0,20.59247675,20.59247675,0.0,0.0,0.0,0.0,0.0,0.0,1.0,1.0,0.0,0.0,0.0,0.0,0.0,"{'x': 1346953.0437000003, 'y': 1057145.1131999996, 'spatialReference': {'wkid': 32616, 'latestWkid': 32616}}",1
27,28,8.66232193383618,-80.7197943863636,28,Panama,41.4889015,0.0,0.0,41.4889015,0.0,0.0,0.0,0.0,0.0,0.0,0.0,1.0,0.0,0.0,0.0,0.0,0.0,"{'x': 1192243.9951, 'y': 963250.9508999996, 'spatialReference': {'wkid': 32616, 'latestWkid': 32616}}",1
28,29,8.94046243383618,-80.7611706590909,29,Panama,45.06029045,0.0,22.530145225,22.530145225,0.0,0.0,0.0,0.0,0.0,0.0,1.0,1.0,0.0,0.0,0.0,0.0,0.0,"{'x': 1187148.4572, 'y': 994101.1594999991, 'spatialReference': {'wkid': 32616, 'latestWkid': 32616}}",1
29,30,8.84161911565436,-80.6462365681818,30,Panama,43.00864148,0.0,0.0,43.00864148,0.0,0.0,0.0,0.0,0.0,0.0,0.0,1.0,0.0,0.0,0.0,0.0,0.0,"{'x': 1200046.0126999998, 'y': 983326.5903999992, 'spatialReference': {'wkid': 32616, 'latestWkid': 32616}}",1
30,31,9.48984738838163,-79.3451826590909,31,Panama,42.24877149,0.0,21.124385745,21.124385745,0.0,0.0,0.0,0.0,0.0,0.0,1.0,1.0,0.0,0.0,0.0,0.0,0.0,"{'x': 1342598.3890000004, 'y': 1058330.6868999992, 'spatialReference': {'wkid': 32616, 'latestWkid': 32616}}",1
31,32,8.74047711565436,-80.6508339318182,32,Panama,36.62573355,0.0,0.0,36.62573355,0.0,0.0,0.0,0.0,0.0,0.0,0.0,1.0,0.0,0.0,0.0,0.0,0.0,"{'x': 1199728.7808999997, 'y': 972069.8345999997, 'spatialReference': {'wkid': 32616, 'latestWkid': 32616}}",1
32,33,7.72445975201799,-81.3841134318182,33,Panama,36.62573355,18.312866775,0.0,18.312866775,0.0,0.0,0.0,0.0,0.0,1.0,0.0,1.0,0.0,0.0,0.0,0.0,0.0,"{'x': 1120238.9267999995, 'y': 857932.1082000006, 'spatialReference': {'wkid': 32616, 'latestWkid': 32616}}",1
33,34,8.72668502474527,-81.2783740681818,34,Panama,36.54974656,0.0,18.27487328,18.27487328,0.0,0.0,0.0,0.0,0.0,0.0,1.0,1.0,0.0,0.0,0.0,0.0,0.0,"{'x': 1130358.5538999997, 'y': 969422.7000999991, 'spatialReference': {'wkid': 32616, 'latestWkid': 32616}}",1
34,35,9.14734379747254,-82.6621805227273,35,Panama,40.8050185,0.0,0.0,40.8050185,0.0,0.0,0.0,0.0,0.0,0.0,0.0,1.0,0.0,0.0,0.0,0.0,0.0,"{'x': 977028.3084000004, 'y': 1014016.9833000004, 'spatialReference': {'wkid': 32616, 'latestWkid': 32616}}",1
35,36,8.98413738838163,-82.5564411590909,36,Panama,37.08165555,0.0,0.0,37.08165555,0.0,0.0,0.0,0.0,0.0,0.0,0.0,1.0,0.0,0.0,0.0,0.0,0.0,"{'x': 988900.0683000004, 'y': 996063.4478999991, 'spatialReference': {'wkid': 32616, 'latestWkid': 32616}}",1
36,37,9.08527938838163,-82.7771146136363,37,Panama,41.0329795,0.0,0.0,41.0329795,0.0,0.0,0.0,0.0,0.0,0.0,0.0,1.0,0.0,0.0,0.0,0.0,0.0,"{'x': 964447.3258999996, 'y': 1006986.7561000008, 'spatialReference': {'wkid': 32616, 'latestWkid': 32616}}",1
37,38,8.91517693383618,-82.5610385227272,38,Panama,39.32099241,0.0,0.0,39.32099241,0.0,0.0,0.0,0.0,0.0,0.0,0.0,1.0,0.0,0.0,0.0,0.0,0.0,"{'x': 988485.6162, 'y': 988411.2749000005, 'spatialReference': {'wkid': 32616, 'latestWkid': 32616}}",1
38,39,9.44847111565436,-82.4507017954545,39,Panama,37.94486786,0.0,18.97243393,18.97243393,0.0,0.0,0.0,0.0,0.0,0.0,1.0,1.0,0.0,0.0,0.0,0.0,0.0,"{'x': 999900.9561000001, 'y': 1047697.5866, 'spatialReference': {'wkid': 32616, 'latestWkid': 32616}}",1
39,40,9.09907147929072,-82.9265289318182,40,Panama,44.20999593,0.0,0.0,44.20999593,0.0,0.0,0.0,0.0,0.0,0.0,0.0,1.0,0.0,0.0,0.0,0.0,0.0,"{'x': 947970.0164000001, 'y': 1008326.7609999999, 'spatialReference': {'wkid': 32616, 'latestWkid': 32616}}",1
40,41,9.08068202474527,-82.5150648863636,41,Panama,39.66521352,0.0,0.0,39.66521352,0.0,0.0,0.0,0.0,0.0,0.0,0.0,1.0,0.0,0.0,0.0,0.0,0.0,"{'x': 993329.5199999996, 'y': 1006824.1581999995, 'spatialReference': {'wkid': 32616, 'latestWkid': 32616}}",1
41,42,8.98183870656345,-82.7794132954545,42,Costa Rica,6.501388621,0.0,0.0,0.0,6.501388621,0.0,0.0,0.0,0.0,0.0,0.0,0.0,1.0,0.0,0.0,0.0,0.0,"{'x': 964326.9310999997, 'y': 995517.9111000001, 'spatialReference': {'wkid': 32616, 'latestWkid': 32616}}",1
42,43,8.8990861611089,-83.1586957954545,43,Costa Rica,6.526891145,0.0,0.0,0.0,6.526891145,0.0,0.0,0.0,0.0,0.0,0.0,0.0,1.0,0.0,0.0,0.0,0.0,"{'x': 922633.0071999999, 'y': 985889.5364999995, 'spatialReference': {'wkid': 32616, 'latestWkid': 32616}}",1
43,44,8.58416675201799,-83.6598084318182,44,Costa Rica,6.902058996,3.451029498,0.0,0.0,3.451029498,0.0,0.0,0.0,0.0,1.0,0.0,0.0,1.0,0.0,0.0,0.0,0.0,"{'x': 867743.8334999997, 'y': 950480.6605999991, 'spatialReference': {'wkid': 32616, 'latestWkid': 32616}}",1
44,45,8.77955470656345,-83.1127221590909,45,Costa Rica,6.399612497,0.0,0.0,0.0,6.399612497,0.0,0.0,0.0,0.0,0.0,0.0,0.0,1.0,0.0,0.0,0.0,0.0,"{'x': 927836.8773999996, 'y': 972698.2931999993, 'spatialReference': {'wkid': 32616, 'latestWkid': 32616}}",1
45,46,10.6989540247453,-83.5977440227273,46,Costa Rica,6.480916413,0.0,3.2404582065,0.0,3.2404582065,0.0,0.0,0.0,0.0,0.0,1.0,0.0,1.0,0.0,0.0,0.0,0.0,"{'x': 872252.6688999999, 'y': 1184746.6038000006, 'spatialReference': {'wkid': 32616, 'latestWkid': 32616}}",1
46,47,9.772585252018,-83.2644351590909,47,Costa Rica,6.308598906,0.0,0.0,0.0,6.308598906,0.0,0.0,0.0,0.0,0.0,0.0,0.0,1.0,0.0,0.0,0.0,0.0,"{'x': 909958.2159000002, 'y': 1082539.7035000008, 'spatialReference': {'wkid': 32616, 'latestWkid': 32616}}",1
47,48,9.09677279747254,-82.9518144318182,48,Costa Rica,6.557190014,0.0,0.0,0.0,6.557190014,0.0,0.0,0.0,0.0,0.0,0.0,0.0,1.0,0.0,0.0,0.0,0.0,"{'x': 945187.7104000002, 'y': 1008040.7456999999, 'spatialReference': {'wkid': 32616, 'latestWkid': 32616}}",1
48,49,9.63696302474527,-83.3862652954545,49,Costa Rica,5.92512516,0.0,0.0,0.0,5.92512516,0.0,0.0,0.0,0.0,0.0,0.0,0.0,1.0,0.0,0.0,0.0,0.0,"{'x': 896730.8289999999, 'y': 1067370.7923000008, 'spatialReference': {'wkid': 32616, 'latestWkid': 32616}}",1
49,50,9.65305379747254,-83.3908626590909,50,Costa Rica,6.007481976,0.0,0.0,0.0,6.007481976,0.0,0.0,0.0,0.0,0.0,0.0,0.0,1.0,0.0,0.0,0.0,0.0,"{'x': 896206.6396000003, 'y': 1069147.8268999998, 'spatialReference': {'wkid': 32616, 'latestWkid': 32616}}",1
50,51,10.0691152065634,-83.5425756590909,51,Costa Rica,5.692326903,0.0,0.0,0.0,5.692326903,0.0,0.0,0.0,0.0,0.0,0.0,0.0,1.0,0.0,0.0,0.0,0.0,"{'x': 879055.3216000004, 'y': 1115055.4960999992, 'spatialReference': {'wkid': 32616, 'latestWkid': 32616}}",1
51,52,10.2323216156544,-84.1517263409091,52,Costa Rica,6.02713528,0.0,0.0,0.0,6.02713528,0.0,0.0,0.0,0.0,0.0,0.0,0.0,1.0,0.0,0.0,0.0,0.0,"{'x': 812054.9644999998, 'y': 1132477.6603999995, 'spatialReference': {'wkid': 32616, 'latestWkid': 32616}}",1
52,53,10.7058500701998,-83.9839225681818,53,Costa Rica,6.133356798,0.0,0.0,0.0,6.133356798,0.0,0.0,0.0,0.0,0.0,0.0,0.0,1.0,0.0,0.0,0.0,0.0,"{'x': 829953.1017000005, 'y': 1185069.8418000005, 'spatialReference': {'wkid': 32616, 'latestWkid': 32616}}",1
53,54,10.6782658883816,-84.0896619318182,54,Costa Rica,6.724243239,0.0,0.0,0.0,6.724243239,0.0,0.0,0.0,0.0,0.0,0.0,0.0,1.0,0.0,0.0,0.0,0.0,"{'x': 818404.7192000002, 'y': 1181904.8863999993, 'spatialReference': {'wkid': 32616, 'latestWkid': 32616}}",1
54,55,10.2805939338362,-84.0781685227273,55,Costa Rica,5.842417453,0.0,0.0,0.0,5.842417453,0.0,0.0,0.0,0.0,0.0,0.0,0.0,1.0,0.0,0.0,0.0,0.0,"{'x': 820071.8567000004, 'y': 1137893.6572999991, 'spatialReference': {'wkid': 32616, 'latestWkid': 32616}}",1
55,56,10.4162161611089,-84.0321948863636,56,Costa Rica,6.217468338,0.0,0.0,0.0,6.217468338,0.0,0.0,0.0,0.0,0.0,0.0,0.0,1.0,0.0,0.0,0.0,0.0,"{'x': 824972.4231000002, 'y': 1152954.0865000002, 'spatialReference': {'wkid': 32616, 'latestWkid': 32616}}",1
56,57,10.9081340701998,-85.2688857045454,57,Costa Rica,5.99941006,0.0,0.0,0.0,5.99941006,0.0,0.0,0.0,0.0,0.0,0.0,0.0,1.0,0.0,0.0,0.0,0.0,"{'x': 689198.8004000001, 'y': 1206362.7971, 'spatialReference': {'wkid': 32616, 'latestWkid': 32616}}",1
57,58,10.5426436611089,-84.5516969772727,58,Costa Rica,6.102356008,0.0,0.0,0.0,6.102356008,0.0,0.0,0.0,0.0,0.0,0.0,0.0,1.0,0.0,0.0,0.0,0.0,"{'x': 767942.4775, 'y': 1166457.9894999992, 'spatialReference': {'wkid': 32616, 'latestWkid': 32616}}",1
58,59,10.9012380247453,-84.9884465227273,59,Costa Rica,6.564092077,0.0,0.0,0.0,6.564092077,0.0,0.0,0.0,0.0,0.0,0.0,0.0,1.0,0.0,0.0,0.0,0.0,"{'x': 719864.8826000001, 'y': 1205789.4360000007, 'spatialReference': {'wkid': 32616, 'latestWkid': 32616}}",1
59,60,10.0139468429271,-84.5402035681818,60,Costa Rica,5.965484658,0.0,0.0,0.0,5.965484658,0.0,0.0,0.0,0.0,0.0,0.0,0.0,1.0,0.0,0.0,0.0,0.0,"{'x': 769649.4948000005, 'y': 1107961.4695999995, 'spatialReference': {'wkid': 32616, 'latestWkid': 32616}}",1
60,61,10.480579252018,-85.2987685681818,61,Costa Rica,6.122126328,3.061063164,0.0,0.0,3.061063164,0.0,0.0,0.0,0.0,1.0,0.0,0.0,1.0,0.0,0.0,0.0,0.0,"{'x': 686192.5680999998, 'y': 1159050.7316999994, 'spatialReference': {'wkid': 32616, 'latestWkid': 32616}}",1
61,62,10.0208428883816,-85.6757523863636,62,Costa Rica,5.93904629,2.969523145,0.0,0.0,2.969523145,0.0,0.0,0.0,0.0,1.0,0.0,0.0,1.0,0.0,0.0,0.0,0.0,"{'x': 645134.5532999998, 'y': 1108008.8399, 'spatialReference': {'wkid': 32616, 'latestWkid': 32616}}",1
62,63,10.151867752018,-85.4688710227273,63,Costa Rica,5.818084781,0.0,0.0,0.0,5.818084781,0.0,0.0,0.0,0.0,0.0,0.0,0.0,1.0,0.0,0.0,0.0,0.0,"{'x': 667745.2068999996, 'y': 1122598.727, 'spatialReference': {'wkid': 32616, 'latestWkid': 32616}}",1
63,64,10.7518237065634,-85.30106725,64,Costa Rica,6.689381996,0.0,0.0,0.0,6.689381996,0.0,0.0,0.0,0.0,0.0,0.0,0.0,1.0,0.0,0.0,0.0,0.0,"{'x': 685776.9682999998, 'y': 1189052.6327999998, 'spatialReference': {'wkid': 32616, 'latestWkid': 32616}}",1
64,65,10.9196274792907,-84.3103353863636,65,Costa Rica,5.743916893,0.0,0.0,0.0,5.743916893,0.0,0.0,0.0,0.0,0.0,0.0,0.0,1.0,0.0,0.0,0.0,0.0,"{'x': 794009.5360000003, 'y': 1208400.5972000007, 'spatialReference': {'wkid': 32616, 'latestWkid': 32616}}",1
65,66,11.4736097974725,-86.0481388409091,66,Nicaragua,2.372692226,1.186346113,0.0,0.0,0.0,1.186346113,0.0,0.0,0.0,1.0,0.0,0.0,0.0,1.0,0.0,0.0,0.0,"{'x': 603819.8668999998, 'y': 1268519.0701000001, 'spatialReference': {'wkid': 32616, 'latestWkid': 32616}}",1
66,67,11.315000752018,-84.0436882954545,67,Nicaragua,2.553333768,0.0,1.276666884,0.0,0.0,1.276666884,0.0,0.0,0.0,0.0,1.0,0.0,0.0,1.0,0.0,0.0,0.0,"{'x': 822744.1857000003, 'y': 1252444.3125, 'spatialReference': {'wkid': 32616, 'latestWkid': 32616}}",1
67,68,10.7518237065634,-83.9563383863636,68,Nicaragua,2.721254081,0.0,0.0,0.0,0.0,2.721254081,0.0,0.0,0.0,0.0,0.0,0.0,0.0,1.0,0.0,0.0,0.0,"{'x': 832923.0247999998, 'y': 1190189.5044, 'spatialReference': {'wkid': 32616, 'latestWkid': 32616}}",1
68,69,12.781559752018,-84.0574803863636,69,Nicaragua,2.703671515,0.0,0.0,0.0,0.0,2.703671515,0.0,0.0,0.0,0.0,0.0,0.0,0.0,1.0,0.0,0.0,0.0,"{'x': 819495.1725000003, 'y': 1414795.6469, 'spatialReference': {'wkid': 32616, 'latestWkid': 32616}}",1
69,70,12.1770064338362,-83.7195741590909,70,Nicaragua,2.183463835,0.0,1.0917319175,0.0,0.0,1.0917319175,0.0,0.0,0.0,0.0,1.0,0.0,0.0,1.0,0.0,0.0,0.0,"{'x': 857048.4299999997, 'y': 1348284.5241, 'spatialReference': {'wkid': 32616, 'latestWkid': 32616}}",1
70,71,11.4092467065635,-84.0069093863636,71,Nicaragua,2.544247171,0.0,1.2721235855,0.0,0.0,1.2721235855,0.0,0.0,0.0,0.0,1.0,0.0,0.0,1.0,0.0,0.0,0.0,"{'x': 826655.2747, 'y': 1262919.5733000003, 'spatialReference': {'wkid': 32616, 'latestWkid': 32616}}",1
71,72,12.9401687974725,-83.7747425227273,72,Nicaragua,2.707805917,0.0,0.0,0.0,0.0,2.707805917,0.0,0.0,0.0,0.0,0.0,0.0,0.0,1.0,0.0,0.0,0.0,"{'x': 850002.3651, 'y': 1432726.9265, 'spatialReference': {'wkid': 32616, 'latestWkid': 32616}}",1
72,73,12.8206373429271,-84.4551523409091,73,Nicaragua,2.269423042,0.0,0.0,0.0,0.0,2.269423042,0.0,0.0,0.0,0.0,0.0,0.0,0.0,1.0,0.0,0.0,0.0,"{'x': 776246.0274999999, 'y': 1418662.8024000004, 'spatialReference': {'wkid': 32616, 'latestWkid': 32616}}",1
73,74,11.9310474792907,-84.4528536590909,74,Nicaragua,2.286869311,0.0,0.0,0.0,0.0,2.286869311,0.0,0.0,0.0,0.0,0.0,0.0,0.0,1.0,0.0,0.0,0.0,"{'x': 777434.4543000003, 'y': 1320204.5362, 'spatialReference': {'wkid': 32616, 'latestWkid': 32616}}",1
74,75,12.4643416611089,-84.8505256136363,75,Nicaragua,2.207906784,0.0,0.0,0.0,0.0,2.207906784,0.0,0.0,0.0,0.0,0.0,0.0,0.0,1.0,0.0,0.0,0.0,"{'x': 733631.7315999996, 'y': 1378846.6756999996, 'spatialReference': {'wkid': 32616, 'latestWkid': 32616}}",1
75,76,12.199993252018,-85.0620043409091,76,Nicaragua,2.193050198,0.0,0.0,0.0,0.0,2.193050198,0.0,0.0,0.0,0.0,0.0,0.0,0.0,1.0,0.0,0.0,0.0,"{'x': 710848.5073999995, 'y': 1349422.4340000004, 'spatialReference': {'wkid': 32616, 'latestWkid': 32616}}",1
76,77,12.5838731156544,-85.6113892954545,77,Nicaragua,2.253430632,0.0,0.0,0.0,0.0,2.253430632,0.0,0.0,0.0,0.0,0.0,0.0,0.0,1.0,0.0,0.0,0.0,"{'x': 650843.2235000003, 'y': 1391516.8463000003, 'spatialReference': {'wkid': 32616, 'latestWkid': 32616}}",1
77,78,13.6090852065635,-83.5448743409091,78,Nicaragua,2.217129677,0.0,1.1085648385,0.0,0.0,1.1085648385,0.0,0.0,0.0,0.0,1.0,0.0,0.0,1.0,0.0,0.0,0.0,"{'x': 873946.7281999998, 'y': 1507149.1122999992, 'spatialReference': {'wkid': 32616, 'latestWkid': 32616}}",1
78,79,13.6780456611089,-84.4252694772727,79,Nicaragua,2.632523461,0.0,0.0,0.0,0.0,2.632523461,0.0,0.0,0.0,0.0,0.0,0.0,0.0,1.0,0.0,0.0,0.0,"{'x': 778513.7023999998, 'y': 1513600.7235000003, 'spatialReference': {'wkid': 32616, 'latestWkid': 32616}}",1
79,80,14.2435213883816,-83.8115214318182,80,Nicaragua,2.725797379,0.0,0.0,0.0,0.0,2.725797379,0.0,0.0,0.0,0.0,0.0,0.0,0.0,1.0,0.0,0.0,0.0,"{'x': 844117.7942000004, 'y': 1577016.4765000008, 'spatialReference': {'wkid': 32616, 'latestWkid': 32616}}",1
80,81,14.1860543429271,-83.8483003409091,81,Nicaragua,2.707260721,0.0,0.0,0.0,0.0,2.707260721,0.0,0.0,0.0,0.0,0.0,0.0,0.0,1.0,0.0,0.0,0.0,"{'x': 840230.9030999998, 'y': 1570598.1308999993, 'spatialReference': {'wkid': 32616, 'latestWkid': 32616}}",1
81,82,13.3148539338362,-83.6230295227273,82,Nicaragua,2.712349216,0.0,1.356174608,0.0,0.0,1.356174608,0.0,0.0,0.0,0.0,1.0,0.0,0.0,1.0,0.0,0.0,0.0,"{'x': 865926.8441000003, 'y': 1474440.2851999998, 'spatialReference': {'wkid': 32616, 'latestWkid': 32616}}",1
82,83,13.7860837065635,-84.0092080681818,83,Nicaragua,2.539703872,0.0,0.0,0.0,0.0,2.539703872,0.0,0.0,0.0,0.0,0.0,0.0,0.0,1.0,0.0,0.0,0.0,"{'x': 823405.5508000003, 'y': 1526081.1829000004, 'spatialReference': {'wkid': 32616, 'latestWkid': 32616}}",1
83,84,14.1308859792907,-83.8115214318182,84,Nicaragua,2.693585393,0.0,0.0,0.0,0.0,2.693585393,0.0,0.0,0.0,0.0,0.0,0.0,0.0,1.0,0.0,0.0,0.0,"{'x': 844288.1111000003, 'y': 1564542.2624999993, 'spatialReference': {'wkid': 32616, 'latestWkid': 32616}}",1
84,85,14.0251466156544,-84.4229707954545,85,Nicaragua,2.325850811,0.0,0.0,0.0,0.0,2.325850811,0.0,0.0,0.0,0.0,0.0,0.0,0.0,1.0,0.0,0.0,0.0,"{'x': 778348.4955000002, 'y': 1552025.1801999994, 'spatialReference': {'wkid': 32616, 'latestWkid': 32616}}",1
85,86,14.2871963429271,-84.5562943409091,86,Nicaragua,2.712349216,0.0,0.0,0.0,0.0,2.712349216,0.0,0.0,0.0,0.0,0.0,0.0,0.0,1.0,0.0,0.0,0.0,"{'x': 763637.3245000001, 'y': 1580877.2391999997, 'spatialReference': {'wkid': 32616, 'latestWkid': 32616}}",1
86,87,13.236698752018,-86.2711109772727,87,Nicaragua,2.374100639,0.0,0.0,0.0,0.0,2.374100639,0.0,0.0,0.0,0.0,0.0,0.0,0.0,1.0,0.0,0.0,0.0,"{'x': 578968.0599999996, 'y': 1463426.6028000005, 'spatialReference': {'wkid': 32616, 'latestWkid': 32616}}",1
87,88,12.7424821611089,-87.2664402045454,88,Nicaragua,2.198365865,1.0991829325,0.0,0.0,0.0,1.0991829325,0.0,0.0,0.0,1.0,0.0,0.0,0.0,1.0,0.0,0.0,0.0,"{'x': 471077.26669999957, 'y': 1408672.9075000007, 'spatialReference': {'wkid': 32616, 'latestWkid': 32616}}",1
88,89,14.1929503883816,-84.9033952954545,89,Nicaragua,2.471554394,0.0,0.0,0.0,0.0,2.471554394,0.0,0.0,0.0,0.0,0.0,0.0,0.0,1.0,0.0,0.0,0.0,"{'x': 726268.5174000002, 'y': 1570081.2130999994, 'spatialReference': {'wkid': 32616, 'latestWkid': 32616}}",1
89,90,14.3906370247453,-85.1286661136363,90,Nicaragua,2.671459529,0.0,0.0,0.0,0.0,2.671459529,0.0,0.0,0.0,0.0,0.0,0.0,0.0,1.0,0.0,0.0,0.0,"{'x': 701772.4282999998, 'y': 1591748.6567000002, 'spatialReference': {'wkid': 32616, 'latestWkid': 32616}}",1
90,91,14.0113545247453,-85.1608476590909,91,Nicaragua,2.548790469,0.0,0.0,0.0,0.0,2.548790469,0.0,0.0,0.0,0.0,0.0,0.0,0.0,1.0,0.0,0.0,0.0,"{'x': 698632.0539999995, 'y': 1549754.1083000004, 'spatialReference': {'wkid': 32616, 'latestWkid': 32616}}",1
91,92,13.6895390701998,-85.7654009772727,92,Nicaragua,2.18550832,0.0,0.0,0.0,0.0,2.18550832,0.0,0.0,0.0,0.0,0.0,0.0,0.0,1.0,0.0,0.0,0.0,"{'x': 633511.5849000001, 'y': 1513731.7661000006, 'spatialReference': {'wkid': 32616, 'latestWkid': 32616}}",1
92,93,14.1354833429271,-84.9240834318182,93,Nicaragua,2.707805917,0.0,0.0,0.0,0.0,2.707805917,0.0,0.0,0.0,0.0,0.0,0.0,0.0,1.0,0.0,0.0,0.0,"{'x': 724091.3616000004, 'y': 1563701.9085000008, 'spatialReference': {'wkid': 32616, 'latestWkid': 32616}}",1
93,94,13.9791729792907,-85.3355474772727,94,Nicaragua,2.580593559,0.0,0.0,0.0,0.0,2.580593559,0.0,0.0,0.0,0.0,0.0,0.0,0.0,1.0,0.0,0.0,0.0,"{'x': 679784.1870999997, 'y': 1546053.9025999997, 'spatialReference': {'wkid': 32616, 'latestWkid': 32616}}",1
94,95,13.7722916156544,-85.1976265681818,95,Nicaragua,2.593178496,0.0,0.0,0.0,0.0,2.593178496,0.0,0.0,0.0,0.0,0.0,0.0,0.0,1.0,0.0,0.0,0.0,"{'x': 694858.5203, 'y': 1523272.9345999993, 'spatialReference': {'wkid': 32616, 'latestWkid': 32616}}",1
95,96,15.613535752018,-84.5631903863636,96,Honduras,32.12133572,0.0,16.06066786,0.0,0.0,0.0,16.06066786,0.0,0.0,0.0,1.0,0.0,0.0,0.0,1.0,0.0,0.0,"{'x': 761281.1410999997, 'y': 1727683.7041999996, 'spatialReference': {'wkid': 32616, 'latestWkid': 32616}}",1
96,97,14.9584114338362,-84.7516822954545,97,Honduras,36.00288319,0.0,0.0,0.0,0.0,0.0,36.00288319,0.0,0.0,0.0,0.0,0.0,0.0,0.0,1.0,0.0,0.0,"{'x': 741811.7554000001, 'y': 1654951.196799999, 'spatialReference': {'wkid': 32616, 'latestWkid': 32616}}",1
97,98,14.9216325247453,-83.7517557045454,98,Honduras,39.23015592,0.0,0.0,0.0,0.0,0.0,39.23015592,0.0,0.0,0.0,0.0,0.0,0.0,0.0,1.0,0.0,0.0,"{'x': 849500.8942, 'y': 1652211.2642, 'spatialReference': {'wkid': 32616, 'latestWkid': 32616}}",1
98,99,15.6089383883816,-84.3632050681818,99,Honduras,39.49344556,0.0,0.0,0.0,0.0,0.0,39.49344556,0.0,0.0,0.0,0.0,0.0,0.0,0.0,1.0,0.0,0.0,"{'x': 782742.9456000002, 'y': 1727430.5719000008, 'spatialReference': {'wkid': 32616, 'latestWkid': 32616}}",1
99,100,15.5307832065635,-84.9930438863636,100,Honduras,35.544101,0.0,0.0,0.0,0.0,0.0,35.544101,0.0,0.0,0.0,0.0,0.0,0.0,0.0,1.0,0.0,0.0,"{'x': 715259.2981000002, 'y': 1718044.104699999, 'spatialReference': {'wkid': 32616, 'latestWkid': 32616}}",1
100,101,15.2986163429271,-84.3126340681818,101,Honduras,32.91120463,0.0,0.0,0.0,0.0,0.0,32.91120463,0.0,0.0,0.0,0.0,0.0,0.0,0.0,1.0,0.0,0.0,"{'x': 788598.7674000002, 'y': 1693141.4408, 'spatialReference': {'wkid': 32616, 'latestWkid': 32616}}",1
101,102,15.1285138883816,-84.6620337045454,102,Honduras,39.03268869,0.0,0.0,0.0,0.0,0.0,39.03268869,0.0,0.0,0.0,0.0,0.0,0.0,0.0,1.0,0.0,0.0,"{'x': 751258.7309999997, 'y': 1673878.7152999993, 'spatialReference': {'wkid': 32616, 'latestWkid': 32616}}",1
102,103,14.9515153883816,-84.41607475,103,Honduras,39.49344556,0.0,0.0,0.0,0.0,0.0,39.49344556,0.0,0.0,0.0,0.0,0.0,0.0,0.0,1.0,0.0,0.0,"{'x': 777935.9875999996, 'y': 1654581.1313000005, 'spatialReference': {'wkid': 32616, 'latestWkid': 32616}}",1
103,104,14.854970752018,-83.8046253863636,104,Honduras,32.7137374,0.0,0.0,0.0,0.0,0.0,32.7137374,0.0,0.0,0.0,0.0,0.0,0.0,0.0,1.0,0.0,0.0,"{'x': 843912.9908999996, 'y': 1644745.6875, 'spatialReference': {'wkid': 32616, 'latestWkid': 32616}}",1
104,105,14.8940483429271,-84.6275534772727,105,Honduras,39.29005431,0.0,0.0,0.0,0.0,0.0,39.29005431,0.0,0.0,0.0,0.0,0.0,0.0,0.0,1.0,0.0,0.0,"{'x': 755244.6085000001, 'y': 1647966.1662000008, 'spatialReference': {'wkid': 32616, 'latestWkid': 32616}}",1
105,106,13.9906663883816,-86.1584755681818,106,Honduras,36.28855242,0.0,0.0,0.0,0.0,0.0,36.28855242,0.0,0.0,0.0,0.0,0.0,0.0,0.0,1.0,0.0,0.0,"{'x': 590883.4501, 'y': 1546855.4223999996, 'spatialReference': {'wkid': 32616, 'latestWkid': 32616}}",1
106,107,14.2848976611089,-86.3285780227273,107,Honduras,32.92041977,0.0,0.0,0.0,0.0,0.0,32.92041977,0.0,0.0,0.0,0.0,0.0,0.0,0.0,1.0,0.0,0.0,"{'x': 572418.6310999999, 'y': 1579339.6471999995, 'spatialReference': {'wkid': 32616, 'latestWkid': 32616}}",1
107,108,14.8687628429271,-86.8158985681818,108,Honduras,32.39054942,0.0,0.0,0.0,0.0,0.0,32.39054942,0.0,0.0,0.0,0.0,0.0,0.0,0.0,1.0,0.0,0.0,"{'x': 519804.3284999998, 'y': 1643818.8296000008, 'spatialReference': {'wkid': 32616, 'latestWkid': 32616}}",1
108,109,15.0135797974725,-85.17463975,109,Honduras,38.50084363,0.0,0.0,0.0,0.0,0.0,38.50084363,0.0,0.0,0.0,0.0,0.0,0.0,0.0,1.0,0.0,0.0,"{'x': 696256.4085999997, 'y': 1660638.0209999997, 'spatialReference': {'wkid': 32616, 'latestWkid': 32616}}",1
109,110,14.5078697974725,-85.5010525681818,110,Honduras,35.87321305,0.0,0.0,0.0,0.0,0.0,35.87321305,0.0,0.0,0.0,0.0,0.0,0.0,0.0,1.0,0.0,0.0,"{'x': 661526.9106000001, 'y': 1604424.7687999997, 'spatialReference': {'wkid': 32616, 'latestWkid': 32616}}",1
110,111,14.9400219792907,-85.0068359772727,111,Honduras,37.80839188,0.0,0.0,0.0,0.0,0.0,37.80839188,0.0,0.0,0.0,0.0,0.0,0.0,0.0,1.0,0.0,0.0,"{'x': 714377.3766000001, 'y': 1652653.7719999999, 'spatialReference': {'wkid': 32616, 'latestWkid': 32616}}",1
111,112,14.4572987974725,-86.28720175,112,Honduras,35.7132646,0.0,0.0,0.0,0.0,0.0,35.7132646,0.0,0.0,0.0,0.0,0.0,0.0,0.0,1.0,0.0,0.0,"{'x': 576822.7324999999, 'y': 1598421.552100001, 'spatialReference': {'wkid': 32616, 'latestWkid': 32616}}",1
112,113,14.9859956156544,-86.3906424318182,113,Honduras,32.78482561,0.0,0.0,0.0,0.0,0.0,32.78482561,0.0,0.0,0.0,0.0,0.0,0.0,0.0,1.0,0.0,0.0,"{'x': 565515.8284999998, 'y': 1656867.1377000008, 'spatialReference': {'wkid': 32616, 'latestWkid': 32616}}",1
113,114,14.5170645247453,-85.1700423863636,114,Honduras,39.0985111,0.0,0.0,0.0,0.0,0.0,39.0985111,0.0,0.0,0.0,0.0,0.0,0.0,0.0,1.0,0.0,0.0,"{'x': 697198.2109000003, 'y': 1605701.8914, 'spatialReference': {'wkid': 32616, 'latestWkid': 32616}}",1
114,115,14.2251319338362,-85.4941565227273,115,Honduras,37.84788533,0.0,0.0,0.0,0.0,0.0,37.84788533,0.0,0.0,0.0,0.0,0.0,0.0,0.0,1.0,0.0,0.0,"{'x': 662474.2093000002, 'y': 1573149.7567999996, 'spatialReference': {'wkid': 32616, 'latestWkid': 32616}}",1
115,116,15.5905489338362,-86.3584608863636,116,Honduras,32.40700496,0.0,0.0,0.0,0.0,0.0,32.40700496,0.0,0.0,0.0,0.0,0.0,0.0,0.0,1.0,0.0,0.0,"{'x': 568778.5526999999, 'y': 1723748.5276999995, 'spatialReference': {'wkid': 32616, 'latestWkid': 32616}}",1
116,117,15.3698754792907,-85.1631463409091,117,Honduras,35.21498896,0.0,0.0,0.0,0.0,0.0,35.21498896,0.0,0.0,0.0,0.0,0.0,0.0,0.0,1.0,0.0,0.0,"{'x': 697161.1703000003, 'y': 1700074.4028999992, 'spatialReference': {'wkid': 32616, 'latestWkid': 32616}}",1
117,118,15.7767421611089,-85.1631463409091,118,Honduras,38.92342349,0.0,19.461711745,0.0,0.0,0.0,19.461711745,0.0,0.0,0.0,1.0,0.0,0.0,0.0,1.0,0.0,0.0,"{'x': 696773.5208, 'y': 1745097.8991, 'spatialReference': {'wkid': 32616, 'latestWkid': 32616}}",1
118,119,15.3468886611089,-85.0436148863636,119,Honduras,36.86054919,0.0,0.0,0.0,0.0,0.0,36.86054919,0.0,0.0,0.0,0.0,0.0,0.0,0.0,1.0,0.0,0.0,"{'x': 710018.4387999997, 'y': 1697643.2409000006, 'spatialReference': {'wkid': 32616, 'latestWkid': 32616}}",1
119,120,15.5077963883816,-85.1976265681818,120,Honduras,37.56945653,0.0,0.0,0.0,0.0,0.0,37.56945653,0.0,0.0,0.0,0.0,0.0,0.0,0.0,1.0,0.0,0.0,"{'x': 693331.273, 'y': 1715305.0134999994, 'spatialReference': {'wkid': 32616, 'latestWkid': 32616}}",1
120,121,15.4710174792907,-86.1584755681818,121,Honduras,32.4050303,0.0,0.0,0.0,0.0,0.0,32.4050303,0.0,0.0,0.0,0.0,0.0,0.0,0.0,1.0,0.0,0.0,"{'x': 590271.8854, 'y': 1710600.5483, 'spatialReference': {'wkid': 32616, 'latestWkid': 32616}}",1
121,122,15.664106752018,-86.5745369772727,122,Honduras,36.52156378,0.0,18.26078189,0.0,0.0,0.0,18.26078189,0.0,0.0,0.0,1.0,0.0,0.0,0.0,1.0,0.0,0.0,"{'x': 545596.5872999998, 'y': 1731827.0231999997, 'spatialReference': {'wkid': 32616, 'latestWkid': 32616}}",1
122,123,15.6296265247453,-86.5492514772727,123,Honduras,35.62506257,0.0,17.812531285,0.0,0.0,0.0,17.812531285,0.0,0.0,0.0,1.0,0.0,0.0,0.0,1.0,0.0,0.0,"{'x': 548314.5569000002, 'y': 1728018.6296999995, 'spatialReference': {'wkid': 32616, 'latestWkid': 32616}}",1
123,124,13.9906663883816,-88.1859129318182,124,Honduras,35.4275953,0.0,0.0,0.0,0.0,0.0,35.4275953,0.0,0.0,0.0,0.0,0.0,0.0,0.0,1.0,0.0,0.0,"{'x': 371919.04140000045, 'y': 1547014.5511000007, 'spatialReference': {'wkid': 32616, 'latestWkid': 32616}}",1
124,125,14.829685252018,-87.8388119772727,125,Honduras,35.55726544,0.0,0.0,0.0,0.0,0.0,35.55726544,0.0,0.0,0.0,0.0,0.0,0.0,0.0,1.0,0.0,0.0,"{'x': 409747.6459999997, 'y': 1639657.6665000003, 'spatialReference': {'wkid': 32616, 'latestWkid': 32616}}",1
125,126,14.5170645247453,-87.4825162954545,126,Honduras,34.58111915,0.0,0.0,0.0,0.0,0.0,34.58111915,0.0,0.0,0.0,0.0,0.0,0.0,0.0,1.0,0.0,0.0,"{'x': 448010.76329999976, 'y': 1604967.1827000007, 'spatialReference': {'wkid': 32616, 'latestWkid': 32616}}",1
126,127,15.2480453429271,-87.0296759772727,127,Honduras,35.21564709,0.0,0.0,0.0,0.0,0.0,35.21564709,0.0,0.0,0.0,0.0,0.0,0.0,0.0,1.0,0.0,0.0,"{'x': 496813.31819999963, 'y': 1685761.4257999994, 'spatialReference': {'wkid': 32616, 'latestWkid': 32616}}",1
127,128,15.1193191611089,-87.0181825681818,128,Honduras,33.2159623,0.0,0.0,0.0,0.0,0.0,33.2159623,0.0,0.0,0.0,0.0,0.0,0.0,0.0,1.0,0.0,0.0,"{'x': 498046.32629999984, 'y': 1671523.3721999992, 'spatialReference': {'wkid': 32616, 'latestWkid': 32616}}",1
128,129,15.3997583429271,-86.5676409318182,129,Honduras,35.95614927,0.0,0.0,0.0,0.0,0.0,35.95614927,0.0,0.0,0.0,0.0,0.0,0.0,0.0,1.0,0.0,0.0,"{'x': 546394.7293999996, 'y': 1702588.3062999994, 'spatialReference': {'wkid': 32616, 'latestWkid': 32616}}",1
129,130,15.1652927974725,-87.5997490681818,130,Honduras,35.2163054,0.0,0.0,0.0,0.0,0.0,35.2163054,0.0,0.0,0.0,0.0,0.0,0.0,0.0,1.0,0.0,0.0,"{'x': 435571.2706000004, 'y': 1676696.4604000002, 'spatialReference': {'wkid': 32616, 'latestWkid': 32616}}",1
130,131,15.1537993883816,-87.4020624318182,131,Honduras,32.31551193,0.0,0.0,0.0,0.0,0.0,32.31551193,0.0,0.0,0.0,0.0,0.0,0.0,0.0,1.0,0.0,0.0,"{'x': 456806.02799999993, 'y': 1675376.6214000005, 'spatialReference': {'wkid': 32616, 'latestWkid': 32616}}",1
131,132,13.9240046156544,-89.5375378409091,132,El Salvador,74.59505541,0.0,0.0,0.0,0.0,0.0,0.0,74.59505541,0.0,0.0,0.0,0.0,0.0,0.0,0.0,1.0,0.0,"{'x': 225799.70079999976, 'y': 1540783.4407000002, 'spatialReference': {'wkid': 32616, 'latestWkid': 32616}}",1
132,133,14.8595681156544,-88.6709347954545,133,Honduras,32.93621713,0.0,0.0,0.0,0.0,0.0,32.93621713,0.0,0.0,0.0,0.0,0.0,0.0,0.0,1.0,0.0,0.0,"{'x': 320223.04619999975, 'y': 1643466.1099999994, 'spatialReference': {'wkid': 32616, 'latestWkid': 32616}}",1
133,134,14.8572694338362,-88.8732187954545,134,Honduras,32.8072052,0.0,0.0,0.0,0.0,0.0,32.8072052,0.0,0.0,0.0,0.0,0.0,0.0,0.0,1.0,0.0,0.0,"{'x': 298450.6311999997, 'y': 1643384.4806999993, 'spatialReference': {'wkid': 32616, 'latestWkid': 32616}}",1
134,135,14.8917496611089,-89.1490606136364,135,Honduras,35.8179223,0.0,0.0,0.0,0.0,0.0,35.8179223,0.0,0.0,0.0,0.0,0.0,0.0,0.0,1.0,0.0,0.0,"{'x': 268796.7400000002, 'y': 1647467.7890000008, 'spatialReference': {'wkid': 32616, 'latestWkid': 32616}}",1
135,136,14.9905929792907,-87.9261618863636,136,Honduras,33.19094997,0.0,0.0,0.0,0.0,0.0,33.19094997,0.0,0.0,0.0,0.0,0.0,0.0,0.0,1.0,0.0,0.0,"{'x': 400422.54679999966, 'y': 1657493.7224000003, 'spatialReference': {'wkid': 32616, 'latestWkid': 32616}}",1
136,137,15.5813542065635,-88.1974063409091,137,Honduras,34.9773701,0.0,17.48868505,0.0,0.0,0.0,17.48868505,0.0,0.0,0.0,1.0,0.0,0.0,0.0,1.0,0.0,0.0,"{'x': 371616.21169999987, 'y': 1722988.3862999994, 'spatialReference': {'wkid': 32616, 'latestWkid': 32616}}",1
137,138,14.9882942974725,-87.9215645227273,138,Honduras,34.09929912,0.0,0.0,0.0,0.0,0.0,34.09929912,0.0,0.0,0.0,0.0,0.0,0.0,0.0,1.0,0.0,0.0,"{'x': 400915.8174999999, 'y': 1657237.387599999, 'spatialReference': {'wkid': 32616, 'latestWkid': 32616}}",1
138,139,15.0227745247453,-90.0133649772727,139,Guatemala,38.79842515,0.0,0.0,0.0,0.0,0.0,0.0,0.0,38.79842515,0.0,0.0,0.0,0.0,0.0,0.0,0.0,1.0,"{'x': 175944.86450000014, 'y': 1663055.2489999998, 'spatialReference': {'wkid': 32616, 'latestWkid': 32616}}",1
139,140,15.2204611611089,-89.9122229772727,140,Guatemala,38.53845298,0.0,0.0,0.0,0.0,0.0,0.0,0.0,38.53845298,0.0,0.0,0.0,0.0,0.0,0.0,0.0,1.0,"{'x': 187120.41390000004, 'y': 1684799.0568000004, 'spatialReference': {'wkid': 32616, 'latestWkid': 32616}}",1
140,141,15.7997289792907,-89.6938482045454,141,Guatemala,46.02388362,0.0,0.0,0.0,0.0,0.0,0.0,0.0,46.02388362,0.0,0.0,0.0,0.0,0.0,0.0,0.0,1.0,"{'x': 211404.42619999964, 'y': 1748630.9242000002, 'spatialReference': {'wkid': 32616, 'latestWkid': 32616}}",1
141,142,15.6227304792907,-89.9306124318182,142,Guatemala,39.62648432,0.0,0.0,0.0,0.0,0.0,0.0,0.0,39.62648432,0.0,0.0,0.0,0.0,0.0,0.0,0.0,1.0,"{'x': 185749.6319000004, 'y': 1729370.3362000007, 'spatialReference': {'wkid': 32616, 'latestWkid': 32616}}",1
142,143,15.8250144792907,-90.5696459772727,143,Guatemala,39.75727276,0.0,0.0,0.0,0.0,0.0,0.0,0.0,39.75727276,0.0,0.0,0.0,0.0,0.0,0.0,0.0,1.0,"{'x': 117535.25870000012, 'y': 1752831.6517999992, 'spatialReference': {'wkid': 32616, 'latestWkid': 32616}}",1
143,144,15.7537553429271,-90.6592945681818,144,Guatemala,42.65628233,0.0,0.0,0.0,0.0,0.0,0.0,0.0,42.65628233,0.0,0.0,0.0,0.0,0.0,0.0,0.0,1.0,"{'x': 107781.51209999993, 'y': 1745101.3666999992, 'spatialReference': {'wkid': 32616, 'latestWkid': 32616}}",1
144,145,14.500973752018,-92.1143601590909,145,Guatemala,39.33441695,19.667208475,0.0,0.0,0.0,0.0,0.0,0.0,19.667208475,1.0,0.0,0.0,0.0,0.0,0.0,0.0,1.0,"{'x': -51731.67379999999, 'y': 1609310.5176999997, 'spatialReference': {'wkid': 32616, 'latestWkid': 32616}}",1
145,146,17.4157022974725,-90.9512271590909,146,Guatemala,47.98250038,0.0,0.0,0.0,0.0,0.0,0.0,0.0,47.98250038,0.0,0.0,0.0,0.0,0.0,0.0,0.0,1.0,"{'x': 80081.72140000015, 'y': 1929881.6150000002, 'spatialReference': {'wkid': 32616, 'latestWkid': 32616}}",1
146,147,17.6248823429271,-90.7673326136363,147,Guatemala,47.82202379,0.0,0.0,0.0,0.0,0.0,0.0,0.0,47.82202379,0.0,0.0,0.0,0.0,0.0,0.0,0.0,1.0,"{'x': 100108.61880000029, 'y': 1952669.5486999992, 'spatialReference': {'wkid': 32616, 'latestWkid': 32616}}",1
147,148,16.7904608429271,-90.48459475,148,Guatemala,46.69628051,0.0,0.0,0.0,0.0,0.0,0.0,0.0,46.69628051,0.0,0.0,0.0,0.0,0.0,0.0,0.0,1.0,"{'x': 128486.62990000006, 'y': 1859641.3731999993, 'spatialReference': {'wkid': 32616, 'latestWkid': 32616}}",1
148,149,17.4202996611089,-89.6363811590909,149,Guatemala,46.04554793,0.0,0.0,0.0,0.0,0.0,0.0,0.0,46.04554793,0.0,0.0,0.0,0.0,0.0,0.0,0.0,1.0,"{'x': 219926.40560000017, 'y': 1927981.6941999998, 'spatialReference': {'wkid': 32616, 'latestWkid': 32616}}",1
149,150,16.4410612065635,-89.8869374772727,150,Guatemala,44.61249199,0.0,0.0,0.0,0.0,0.0,0.0,0.0,44.61249199,0.0,0.0,0.0,0.0,0.0,0.0,0.0,1.0,"{'x': 191698.40259999968, 'y': 1819923.7781000007, 'spatialReference': {'wkid': 32616, 'latestWkid': 32616}}",1
150,151,17.1352631156544,-91.1489137954545,151,Guatemala,45.81606641,0.0,0.0,0.0,0.0,0.0,0.0,0.0,45.81606641,0.0,0.0,0.0,0.0,0.0,0.0,0.0,1.0,"{'x': 58373.04849999957, 'y': 1899235.5145999994, 'spatialReference': {'wkid': 32616, 'latestWkid': 32616}}",1
151,152,17.4134036156544,-90.8753706590909,152,Guatemala,48.14297697,0.0,0.0,0.0,0.0,0.0,0.0,0.0,48.14297697,0.0,0.0,0.0,0.0,0.0,0.0,0.0,1.0,"{'x': 88148.5047000004, 'y': 1929461.5606999993, 'spatialReference': {'wkid': 32616, 'latestWkid': 32616}}",1
152,153,16.1284404792907,-89.22031975,153,Guatemala,47.64630192,0.0,0.0,0.0,0.0,0.0,0.0,0.0,0.0,0.0,0.0,0.0,0.0,0.0,0.0,0.0,0.0,"{'x': 262546.24729999993, 'y': 1784421.3811000008, 'spatialReference': {'wkid': 32616, 'latestWkid': 32616}}",1
153,154,16.6801241156544,-89.8731453863636,154,Guatemala,45.18699817,0.0,0.0,0.0,0.0,0.0,0.0,0.0,45.18699817,0.0,0.0,0.0,0.0,0.0,0.0,0.0,1.0,"{'x': 193551.0390999997, 'y': 1846376.0529999994, 'spatialReference': {'wkid': 32616, 'latestWkid': 32616}}",1
154,155,16.8594212974725,-90.5328670681818,155,Guatemala,41.26414794,0.0,0.0,0.0,0.0,0.0,0.0,0.0,41.26414794,0.0,0.0,0.0,0.0,0.0,0.0,0.0,1.0,"{'x': 123471.13790000044, 'y': 1867373.4164000005, 'spatialReference': {'wkid': 32616, 'latestWkid': 32616}}",1
155,156,18.2731106156544,-91.9971273863636,156,Mexico,0.0,0.0,0.0,0.0,0.0,0.0,0.0,0.0,0.0,0.0,0.0,0.0,0.0,0.0,0.0,0.0,0.0,"{'x': -28730.93479999993, 'y': 2027644.3663999997, 'spatialReference': {'wkid': 32616, 'latestWkid': 32616}}",1
156,157,15.36,-78.9189,157,Caribbean,6004.901961,0.0,6004.901961,0.0,0.0,0.0,0.0,0.0,0.0,0.0,1.0,0.0,0.0,0.0,0.0,0.0,0.0,"{'x': 1369806.0056999996, 'y': 1714470.6465000007, 'spatialReference': {'wkid': 32616, 'latestWkid': 32616}}",1
157,158,2.442,-88.1542,158,Pacific,6489.769821,6489.769821,0.0,0.0,0.0,0.0,0.0,0.0,0.0,1.0,0.0,0.0,0.0,0.0,0.0,0.0,0.0,"{'x': 371673.58660000004, 'y': 269971.09149999917, 'spatialReference': {'wkid': 32616, 'latestWkid': 32616}}",1
158,159,-3.0039,-93.1533,159,Pacific,6489.769821,6489.769821,0.0,0.0,0.0,0.0,0.0,0.0,0.0,1.0,0.0,0.0,0.0,0.0,0.0,0.0,0.0,"{'x': -185093.5245000003, 'y': -333957.74939999916, 'spatialReference': {'wkid': 32616, 'latestWkid': 32616}}",1
159,160,18.3383,-70.3933,160,Caribbean,6004.901961,0.0,6004.901961,0.0,0.0,0.0,0.0,0.0,0.0,0.0,1.0,0.0,0.0,0.0,0.0,0.0,0.0,"{'x': 2274743.6662999997, 'y': 2110187.8746000007, 'spatialReference': {'wkid': 32616, 'latestWkid': 32616}}",1
160,161,19.0292,-87.8444,161,Mexico,0.0,0.0,0.0,0.0,0.0,0.0,0.0,0.0,0.0,0.0,0.0,0.0,0.0,0.0,0.0,0.0,0.0,"{'x': 411139.95469999965, 'y': 2104271.877699999, 'spatialReference': {'wkid': 32616, 'latestWkid': 32616}}",1
161,162,16.0167,-93.5794,162,Mexico,0.0,0.0,0.0,0.0,0.0,0.0,0.0,0.0,0.0,0.0,0.0,0.0,0.0,0.0,0.0,0.0,0.0,"{'x': -205205.27809999976, 'y': 1781990.1828000005, 'spatialReference': {'wkid': 32616, 'latestWkid': 32616}}",1
162,163,15.8114,-96.5508,163,Mexico,0.0,0.0,0.0,0.0,0.0,0.0,0.0,0.0,0.0,0.0,0.0,0.0,0.0,0.0,0.0,0.0,0.0,"{'x': -526889.3931, 'y': 1771551.450099999, 'spatialReference': {'wkid': 32616, 'latestWkid': 32616}}",1
